<?xml version="1.0" encoding="utf-8"?>
<beans xmlns="http://www.springframework.org/schema/beans"
	xmlns:xsi="http://www.w3.org/2001/XMLSchema-instance"
	xmlns:context="http://www.springframework.org/schema/context"
	xsi:schemaLocation="http://www.springframework.org/schema/beans
	http://www.springframework.org/schema/beans/spring-beans-4.1.xsd
	http://www.springframework.org/schema/context
	http://www.springframework.org/schema/context/spring-context-4.1.xsd">
		
	<context:component-scan base-package="apple" />		
		
	<bean id="ds" class="org.apache.commons.dbcp.BasicDataSource" destroy-method="close">
		<property name="driverClassName" value="org.mariadb.jdbc.Driver" /> 
		<property name="url" value="jdbc:mariadb://183.111.242.21:3306/pukyung00" /> 
		<property name="username" value="pukyung00" /> 
		<property name="password" value="pukyung00!!1" /> 
	</bean>
	
	<bean id="ds_mgr" class="org.springframework.jdbc.datasource.DataSourceTransactionManager">
		<property name="dataSource" ref="ds"/>
	</bean>
	
	<bean id="txtpl" class="org.springframework.transaction.support.TransactionTemplate">
		<property name="transactionManager" ref="ds_mgr"/>
	</bean>	
	
	<bean id="jtpl" class="org.springframework.jdbc.core.JdbcTemplate">
		<property name="dataSource" ref="ds" />
	</bean>
		
	<bean id="multipartResolver" 
	class="org.springframework.web.multipart.commons.CommonsMultipartResolver"/>
	
    <bean id="viewResolver" 
    class="org.springframework.web.servlet.view.InternalResourceViewResolver">
    	<property name="prefix" value="/WEB-INF/jsp/"/>
    	<property name="suffix" value=".jsp"/>
    </bean>	
	
</beans>