<?xml version="1.0" encoding="utf-8"?>
<beans xmlns="http://www.springframework.org/schema/beans"
	xmlns:xsi="http://www.w3.org/2001/XMLSchema-instance"
	xsi:schemaLocation="http://www.springframework.org/schema/beans
		http://www.springframework.org/schema/beans/spring-beans-4.1.xsd">
		
	<bean id="dbcp" class="org.apache.commons.dbcp.BasicDataSource" destroy-method="close">
		<property name="driverClassName" value="org.mariadb.jdbc.Driver" /> 
		<property name="url" value="jdbc:mariadb://183.111.242.21:3306/pukyung18" /> 
		<property name="username" value="pukyung18" /> 
		<property name="password" value="pukyung00!!1" />
	</bean>
	
	<bean id="jtpl" class="org.springframework.jdbc.core.JdbcTemplate">
		<property name="dataSource" ref="dbcp" />
	</bean>
	
	<bean id="springDao" class="banana.SpringDAO_Impl">
		<property name="jdbcTemplate" ref="jtpl"/>
	</bean>
	
	<bean id="loginDao" class="banana.LoginDAO_LoginImpl">
		<property name="jdbcTemplate" ref="jtpl"/>
	</bean>
	
	<bean id="answerDao" class="banana.AnswerDAO_Impl">
		<property name="jdbcTemplate" ref="jtpl"/>
	</bean>
	
	<bean id="noticeDao" class="banana.NoticeDAO_Impl">
		<property name="jdbcTemplate" ref="jtpl"/>
	</bean>
	
	<bean id="comDao" class="banana.ComDAO_Impl">
		<property name="jdbcTemplate" ref="jtpl"/>
	</bean>

	<bean id="comansDao" class="banana.ComAnsDAO_Impl">
		<property name="jdbcTemplate" ref="jtpl"/>
	</bean>
	
	<bean class="banana.Ctrl">
		<property name="springDao" ref="springDao"/>
		<property name="answerDao" ref="answerDao"/>
		<property name="loginDao" ref="loginDao"/>
		<property name="noticeDao" ref="noticeDao"/>
		<property name="comDao" ref="comDao"/>
		<property name="comansDao" ref="comansDao"/>
	</bean>
	
	<bean id="viewResolver" 
		class="org.springframework.web.servlet.view.InternalResourceViewResolver">
		<property name="prefix" value="WEB-INF/jsp/"/>
		<property name="suffix" value=".jsp"/>
	</bean>
</beans>